PSDI_ID,Canonical name,InChi,InChiKey,SMILES,Tautomers,Isomers,n_MeltingPoint,n_BoilingPoint,n_HLC,n_LogS,n_Miscibility,Molecular Weight,CLogP,Heavy Atom Count,Hydrogen Bond Acceptors,Hydrogen Bond Donors,Rotatable Bonds,Rings,Hetero Aromatic Rings,Aromatic Rings,Topological Polar Surface Area,Quantitative Estimation of Drug-likeness
PSDI000038,,InChI=1S/C18H14/c1-3-7-15(8-4-1)17-11-13-18(14-12-17)16-9-5-2-6-10-16/h1-14H,XJKSTNDFUHDPQJ-UHFFFAOYSA-N,c1ccc(-c2ccc(-c3ccccc3)cc2)cc1,1,1,1,1,0,3,5,230.11,5.02,18.0,0.0,0.0,2.0,3.0,0.0,3.0,0.0,0.58
PSDI000040,,"InChI=1S/C2H2Cl4/c3-1-2(4,5)6/h1H2",QVLAWKAXOMEXPM-UHFFFAOYSA-N,ClCC(Cl)(Cl)Cl,1,1,1,1,1,2,11,165.89,2.6,6.0,0.0,0.0,0.0,0.0,0.0,0.0,0.0,0.49
PSDI000043,,InChI=1S/C3H6O/c1-3(2)4/h1-2H3,CSCPPACGZOOCGX-UHFFFAOYSA-N,CC(C)=O,2,1,2,2,1,1,432,58.04,0.6,4.0,1.0,0.0,0.0,0.0,0.0,0.0,17.07,0.4
PSDI000049,,"InChI=1S/C2H3Cl3/c1-2(3,4)5/h1H3",UOCLXMDMGBRAIB-UHFFFAOYSA-N,CC(Cl)(Cl)Cl,1,1,1,1,1,4,11,131.93,2.38,5.0,0.0,0.0,0.0,0.0,0.0,0.0,0.0,0.45
PSDI00004A,,"InChI=1S/C2HCl2F3/c3-1(4)2(5,6)7/h1H",OHMHBGPWCHTMQE-UHFFFAOYSA-N,FC(F)(F)C(Cl)Cl,1,1,1,1,1,1,1,151.94,2.35,7.0,0.0,0.0,0.0,0.0,0.0,0.0,0.0,0.47
PSDI000050,,InChI=1S/C2H2Cl4/c3-1(4)2(5)6/h1-2H,QPFMBZIOSGYJDE-UHFFFAOYSA-N,ClC(Cl)C(Cl)Cl,1,1,1,1,1,3,10,165.89,2.59,6.0,0.0,0.0,1.0,0.0,0.0,0.0,0.0,0.53
PSDI000055,,"InChI=1S/C2H3Cl3/c3-1-2(4)5/h2H,1H2",UBOXGVDOUJQMTN-UHFFFAOYSA-N,ClCC(Cl)Cl,1,1,1,1,1,3,12,131.93,2.03,5.0,0.0,0.0,1.0,0.0,0.0,0.0,0.0,0.48
PSDI000056,,"InChI=1S/C2Cl3F3/c3-1(4,6)2(5,7)8",AJDIZQLSFPQPEY-UHFFFAOYSA-N,FC(F)(Cl)C(F)(Cl)Cl,1,1,1,1,1,2,1,185.9,2.92,8.0,0.0,0.0,1.0,0.0,0.0,0.0,0.0,0.55
PSDI00005E,,"InChI=1S/C2H4Cl2/c1-2(3)4/h2H,1H3",SCYULBFZEHDVBN-UHFFFAOYSA-N,CC(Cl)Cl,1,1,1,1,1,2,11,97.97,1.81,4.0,0.0,0.0,0.0,0.0,0.0,0.0,0.0,0.41
PSDI00005F,,InChI=1S/C2H2Cl2/c1-2(3)4/h1H2,LGXVIGDEPROXKC-UHFFFAOYSA-N,C=C(Cl)Cl,1,1,1,1,1,3,18,95.95,1.94,4.0,0.0,0.0,0.0,0.0,0.0,0.0,0.0,0.43
PSDI00007F,,InChI=1S/C6H2Cl4/c7-3-1-2-4(8)6(10)5(3)9/h1-2H,GBDZXPJXOMHESU-UHFFFAOYSA-N,Clc1ccc(Cl)c(Cl)c1Cl,1,1,1,1,1,3,1,213.89,4.3,10.0,0.0,0.0,0.0,1.0,0.0,1.0,0.0,0.45
PSDI00008B,,InChI=1S/C6H2Cl4/c7-3-1-4(8)6(10)5(9)2-3/h1-2H,QZYNWJQFTJXIRN-UHFFFAOYSA-N,Clc1cc(Cl)c(Cl)c(Cl)c1,1,1,1,0,1,3,1,213.89,4.3,10.0,0.0,0.0,0.0,1.0,0.0,1.0,0.0,0.45
PSDI00009F,,InChI=1S/C6H3Cl3/c7-4-2-1-3-5(8)6(4)9/h1-3H,RELMFMZEBKVZJC-UHFFFAOYSA-N,Clc1cccc(Cl)c1Cl,1,1,1,1,1,2,1,179.93,3.65,9.0,0.0,0.0,0.0,1.0,0.0,1.0,0.0,0.54
PSDI0000A3,,InChI=1S/C6H2Br4/c7-3-1-4(8)6(10)2-5(3)9/h1-2H,QCKHVNQHBOGZER-UHFFFAOYSA-N,Brc1cc(Br)c(Br)cc1Br,1,1,1,1,1,2,1,389.69,4.74,10.0,0.0,0.0,0.0,1.0,0.0,1.0,0.0,0.56
PSDI0000A4,,InChI=1S/C6H2Cl4/c7-3-1-4(8)6(10)2-5(3)9/h1-2H,JHBKHLUZVFWLAG-UHFFFAOYSA-N,Clc1cc(Cl)c(Cl)cc1Cl,1,1,1,1,1,3,1,213.89,4.3,10.0,0.0,0.0,0.0,1.0,0.0,1.0,0.0,0.57
PSDI0000B1,,InChI=1S/C6H3Br3/c7-4-1-2-5(8)6(9)3-4/h1-3H,FWAJPSIPOULHHH-UHFFFAOYSA-N,Brc1ccc(Br)c(Br)c1,1,1,1,1,1,4,1,311.78,3.97,9.0,0.0,0.0,0.0,1.0,0.0,1.0,0.0,0.64
PSDI0000DE,,"InChI=1S/C3H5Br2Cl/c4-1-3(5)2-6/h3H,1-2H2",WBEJYOJJBDISQU-UHFFFAOYSA-N,ClCC(Br)CBr,1,2,1,1,1,2,1,233.84,2.38,6.0,0.0,0.0,2.0,0.0,0.0,0.0,0.0,0.65
PSDI0000E1,,InChI=1S/C2H4Br2/c3-1-2-4/h1-2H2,PAAZPARNPHGIKF-UHFFFAOYSA-N,BrCCBr,1,1,2,2,1,3,16,185.87,1.78,4.0,0.0,0.0,1.0,0.0,0.0,0.0,0.0,0.55
PSDI0000E3,,"InChI=1S/C2Br2F4/c3-1(5,6)2(4,7)8",KVBKAPANDHPRDG-UHFFFAOYSA-N,FC(F)(Br)C(F)(F)Br,1,1,1,1,0,1,1,257.83,2.96,8.0,0.0,0.0,1.0,0.0,0.0,0.0,0.0,0.5
PSDI0000E5,,"InChI=1S/C2H2Cl2F2/c3-1-2(4,5)6/h1H2",SKDFWEPBABSFMG-UHFFFAOYSA-N,FC(F)(Cl)CCl,1,1,1,1,0,1,1,133.95,2.06,6.0,0.0,0.0,1.0,0.0,0.0,0.0,0.0,0.48
PSDI0000EC,,InChI=1S/C2H4Cl2/c3-1-2-4/h1-2H2,WSLDOOZREJYCGB-UHFFFAOYSA-N,ClCCCl,1,1,1,1,1,2,1,97.97,1.46,4.0,0.0,0.0,1.0,0.0,0.0,0.0,0.0,0.44
PSDI0000ED,,InChI=1S/C2H2Cl2/c3-1-2-4/h1-2H,KFUSEUYYWQURPO-UHFFFAOYSA-N,ClC=CCl,1,2,1,1,1,7,7,95.95,1.94,4.0,0.0,0.0,0.0,0.0,0.0,0.0,0.0,0.43
PSDI00012A,,InChI=1S/C6H3Br3/c7-4-1-5(8)3-6(9)2-4/h1-3H,YWDUZLFWHVQCHY-UHFFFAOYSA-N,Brc1cc(Br)cc(Br)c1,1,1,1,1,0,2,1,311.78,3.97,9.0,0.0,0.0,0.0,1.0,0.0,1.0,0.0,0.68
PSDI00012B,,InChI=1S/C6H3Cl3/c7-4-1-5(8)3-6(9)2-4/h1-3H,XKEFYDZQGKAQCN-UHFFFAOYSA-N,Clc1cc(Cl)cc(Cl)c1,1,1,1,1,1,3,1,179.93,3.65,9.0,0.0,0.0,0.0,1.0,0.0,1.0,0.0,0.57
PSDI000217,,InChI=1S/C2H4BrCl/c3-1-2-4/h1-2H2,IBYHHJPAARCAIE-UHFFFAOYSA-N,ClCCBr,1,1,1,1,0,2,2,141.92,1.62,4.0,0.0,0.0,1.0,0.0,0.0,0.0,0.0,0.49
PSDI000232,,"InChI=1S/C6H15N/c1-3-5-6-7-4-2/h7H,3-6H2,1-2H3",QHCCDDQKNUYGNC-UHFFFAOYSA-N,CCCCNCC,1,1,1,1,0,1,9,101.12,1.4,7.0,1.0,1.0,4.0,0.0,0.0,0.0,12.03,0.53
PSDI000235,,"InChI=1S/C4H10O/c1-2-3-4-5/h5H,2-4H2,1H3",LRHPLDYGYMQRHN-UHFFFAOYSA-N,CCCCO,1,1,1,1,1,3,232,74.07,0.78,5.0,1.0,1.0,2.0,0.0,0.0,0.0,20.23,0.51
PSDI000248,,InChI=1S/C2H4ClF/c3-1-2-4/h1-2H2,VEZJSKSPVQQGIS-UHFFFAOYSA-N,FCCCl,1,1,1,1,0,1,1,82.0,1.19,4.0,0.0,0.0,1.0,0.0,0.0,0.0,0.0,0.42
PSDI000287,,"InChI=1S/C7H16O/c1-2-3-4-5-6-7-8/h8H,2-7H2,1H3",BBMCTIGTTCKYKF-UHFFFAOYSA-N,CCCCCCCO,1,1,1,1,1,3,7,116.12,1.95,8.0,1.0,1.0,5.0,0.0,0.0,0.0,20.23,0.54
PSDI000295,,"InChI=1S/C6H14O/c1-2-3-4-5-6-7/h7H,2-6H2,1H3",ZSIAUFGUXNUGDI-UHFFFAOYSA-N,CCCCCCO,1,1,1,1,1,3,12,102.1,1.56,7.0,1.0,1.0,4.0,0.0,0.0,0.0,20.23,0.53
PSDI000299,,"InChI=1S/C6H12/c1-3-5-6-4-2/h3H,1,4-6H2,2H3",LIKMAJRDDDTEIG-UHFFFAOYSA-N,C=CCCCC,1,1,1,1,0,2,112,84.09,2.36,6.0,0.0,0.0,3.0,0.0,0.0,0.0,0.0,0.36
PSDI0002F7,,"InChI=1S/C8H18O/c1-2-3-4-5-6-7-8-9/h9H,2-8H2,1H3",KBPLFHHGFOOTCA-UHFFFAOYSA-N,CCCCCCCCO,1,1,1,1,1,4,3,130.14,2.34,9.0,1.0,1.0,6.0,0.0,0.0,0.0,20.23,0.55
PSDI000301,,"InChI=1S/C5H12O/c1-2-3-4-5-6/h6H,2-5H2,1H3",AMQJEAYHLZJPGS-UHFFFAOYSA-N,CCCCCO,1,1,1,1,1,2,19,88.09,1.17,6.0,1.0,1.0,3.0,0.0,0.0,0.0,20.23,0.51
PSDI000324,,"InChI=1S/C3H8O/c1-2-3-4/h4H,2-3H2,1H3",BDERNNFJNOPAEC-UHFFFAOYSA-N,CCCO,1,1,1,1,1,3,6,60.06,0.39,4.0,1.0,1.0,1.0,0.0,0.0,0.0,20.23,0.46
PSDI000412,,"InChI=1S/C6H2Cl4O/c7-2-1-3(8)6(11)5(10)4(2)9/h1,11H",VGVRPFIJEJYOFN-UHFFFAOYSA-N,Oc1c(Cl)cc(Cl)c(Cl)c1Cl,2,1,1,1,0,3,1,229.89,4.01,11.0,1.0,1.0,0.0,1.0,0.0,1.0,20.23,0.53
PSDI000452,,InChI=1S/C3H4Cl2/c1-3(5)2-4/h1-2H2,FALCMQXTWHPRIH-UHFFFAOYSA-N,C=C(Cl)CCl,1,1,1,1,1,1,1,109.97,1.98,5.0,0.0,0.0,1.0,0.0,0.0,0.0,0.0,0.45
PSDI000481,,"InChI=1S/C6H3Cl3O/c7-3-1-5(9)6(10)2-4(3)8/h1-2,10H",LHJGJYXLEPZJPM-UHFFFAOYSA-N,Oc1cc(Cl)c(Cl)cc1Cl,2,1,1,1,0,3,1,195.92,3.35,10.0,1.0,1.0,0.0,1.0,0.0,1.0,20.23,0.63
PSDI000493,,"InChI=1S/C6H3Br3O/c7-3-1-4(8)6(10)5(9)2-3/h1-2,10H",BSWWXRFVMJHFBN-UHFFFAOYSA-N,Oc1c(Br)cc(Br)cc1Br,2,1,1,1,0,1,1,327.77,3.68,10.0,1.0,1.0,0.0,1.0,0.0,1.0,20.23,0.77
PSDI00049A,,"InChI=1S/C6H3Cl3O/c7-3-1-4(8)6(10)5(9)2-3/h1-2,10H",LINPIYWFGCPVIE-UHFFFAOYSA-N,Oc1c(Cl)cc(Cl)cc1Cl,2,1,1,1,1,3,3,195.92,3.35,10.0,1.0,1.0,0.0,1.0,0.0,1.0,20.23,0.68
PSDI0004CF,,"InChI=1S/C7H14O/c1-5(2)7(8)6(3)4/h5-6H,1-4H3",HXVNBWAKAOHACI-UHFFFAOYSA-N,CC(C)C(=O)C(C)C,2,1,1,1,0,2,3,114.1,1.87,8.0,1.0,0.0,2.0,0.0,0.0,0.0,17.07,0.54
PSDI0005E2,,"InChI=1S/C4H10O/c1-3-4(2)5/h4-5H,3H2,1-2H3",BTANRVKWQNVYAZ-UHFFFAOYSA-N,CCC(C)O,1,2,1,1,1,4,7,74.07,0.78,5.0,1.0,1.0,1.0,0.0,0.0,0.0,20.23,0.49
PSDI0005F1,,"InChI=1S/C6H8O4/c1-9-5(7)3-4-6(8)10-2/h3-4H,1-2H3",LDCRTTXIJACKKU-UHFFFAOYSA-N,COC(=O)C=CC(=O)OC,1,2,2,2,0,2,10,144.04,-0.11,10.0,4.0,0.0,2.0,0.0,0.0,0.0,52.6,0.4
PSDI00065F,,"InChI=1S/C7H14O/c1-3-4-5-6-7(2)8/h3-6H2,1-2H3",CATSNJVOTSVZJV-UHFFFAOYSA-N,CCCCCC(C)=O,3,1,1,1,1,3,3,114.1,2.16,8.0,1.0,0.0,4.0,0.0,0.0,0.0,17.07,0.51
PSDI000663,,"InChI=1S/C6H12O/c1-3-4-5-6(2)7/h3-5H2,1-2H3",QQZOPKMRPOGIEB-UHFFFAOYSA-N,CCCCC(C)=O,3,1,1,1,1,4,7,100.09,1.77,7.0,1.0,0.0,3.0,0.0,0.0,0.0,17.07,0.53
PSDI000697,,"InChI=1S/C5H10O3/c1-5(6)8-4-3-7-2/h3-4H2,1-2H3",XLLIQLLCWZCATF-UHFFFAOYSA-N,COCCOC(C)=O,2,1,1,1,1,1,1,118.06,0.2,8.0,3.0,0.0,3.0,0.0,0.0,0.0,35.53,0.39
PSDI0006A8,,"InChI=1S/C5H12O/c1-4-5(2,3)6/h6H,4H2,1-3H3",MSXVEPNJUHWQHW-UHFFFAOYSA-N,CCC(C)(C)O,1,1,1,1,1,3,8,88.09,1.17,6.0,1.0,1.0,1.0,0.0,0.0,0.0,20.23,0.51
PSDI0006B0,,"InChI=1S/C6H14O/c1-4-5-6(2,3)7/h7H,4-5H2,1-3H3",WFRBDWRZVBPBDO-UHFFFAOYSA-N,CCCC(C)(C)O,1,1,1,1,0,3,3,102.1,1.56,7.0,1.0,1.0,2.0,0.0,0.0,0.0,20.23,0.56
PSDI0006DB,,"InChI=1S/C4H10/c1-4(2)3/h4H,1-3H3",NNPPMTNAJDCUHE-UHFFFAOYSA-N,CC(C)C,1,1,1,1,1,4,9,58.08,1.66,4.0,0.0,0.0,0.0,0.0,0.0,0.0,0.0,0.4
PSDI0007AE,,"InChI=1S/C6H12O/c1-5(7)6(2,3)4/h1-4H3",PJGSXYOJTGTZAV-UHFFFAOYSA-N,CC(=O)C(C)(C)C,2,1,1,1,1,2,6,100.09,1.62,7.0,1.0,0.0,0.0,0.0,0.0,0.0,17.07,0.45
PSDI00080F,,"InChI=1S/C3H5Br/c1-2-3-4/h2H,1,3H2",BHELZAPQIKSEDF-UHFFFAOYSA-N,C=CCBr,1,1,1,1,0,1,1,119.96,1.57,4.0,0.0,0.0,1.0,0.0,0.0,0.0,0.0,0.36
PSDI00083A,,"InChI=1S/C3H5Cl/c1-2-3-4/h2H,1,3H2",OSDWBNJEKMUWAV-UHFFFAOYSA-N,C=CCCl,1,1,1,1,1,2,3,76.01,1.41,4.0,0.0,0.0,1.0,0.0,0.0,0.0,0.0,0.33
PSDI00085A,,"InChI=1S/C7H14O/c1-3-5-6-7(8)4-2/h3-6H2,1-2H3",NGAZZOYFWWSOGK-UHFFFAOYSA-N,CCCCC(=O)CC,3,1,1,1,0,2,10,114.1,2.16,8.0,1.0,0.0,4.0,0.0,0.0,0.0,17.07,0.55
PSDI00085E,,"InChI=1S/C6H12O/c1-3-5-6(7)4-2/h3-5H2,1-2H3",PFCHFHIRKBAQGU-UHFFFAOYSA-N,CCCC(=O)CC,3,1,1,1,1,2,3,100.09,1.77,7.0,1.0,0.0,3.0,0.0,0.0,0.0,17.07,0.53
PSDI000A2B,,"InChI=1S/C7H14O/c1-6(2)4-5-7(3)8/h6H,4-5H2,1-3H3",FFWSICBKRCICMR-UHFFFAOYSA-N,CC(=O)CCC(C)C,3,1,1,1,0,2,8,114.1,2.01,8.0,1.0,0.0,3.0,0.0,0.0,0.0,17.07,0.55
PSDI000AC8,,"InChI=1S/C13H10/c1-3-7-12-10(5-1)9-11-6-2-4-8-13(11)12/h1-8H,9H2",NIHNNTQXNPWCJQ-UHFFFAOYSA-N,c1ccc2c(c1)Cc1ccccc1-2,1,1,1,1,1,3,255,166.08,3.26,13.0,0.0,0.0,0.0,3.0,0.0,2.0,0.0,0.48
PSDI000AE2,,"InChI=1S/C12H10/c1-3-9-4-2-6-11-8-7-10(5-1)12(9)11/h1-6H,7-8H2",CWRYPZZKDGJXCA-UHFFFAOYSA-N,c1cc2c3c(cccc3c1)CC2,1,1,1,1,1,3,201,154.08,2.94,12.0,0.0,0.0,0.0,3.0,0.0,2.0,0.0,0.55
PSDI000B0B,,"InChI=1S/C2H4O2/c1-2(3)4/h1H3,(H,3,4)",QTBSBXVTEAMEQO-UHFFFAOYSA-N,CC(=O)O,2,1,1,1,1,2,100,60.02,0.09,4.0,1.0,1.0,0.0,0.0,0.0,0.0,37.3,0.43
PSDI000B27,,"InChI=1S/C6H10O3/c1-3-9-6(8)4-5(2)7/h3-4H2,1-2H3",XYIBRDXRRQCHLP-UHFFFAOYSA-N,CCOC(=O)CC(C)=O,5,1,1,1,1,1,2,130.06,0.53,9.0,3.0,0.0,3.0,0.0,0.0,0.0,43.37,0.41
PSDI000B2D,,InChI=1S/C2H3N/c1-2-3/h1H3,WEVYAHXRMPXWCK-UHFFFAOYSA-N,CC#N,1,1,1,1,1,3,348,41.03,0.53,3.0,1.0,0.0,0.0,0.0,0.0,0.0,23.79,0.39
PSDI000B4D,,InChI=1S/C13H9N/c1-3-7-12-10(5-1)9-11-6-2-4-8-13(11)14-12/h1-9H,DZBUGLKDJFMEHC-UHFFFAOYSA-N,c1ccc2nc3ccccc3cc2c1,1,1,1,1,0,2,35,179.07,3.39,14.0,1.0,0.0,0.0,3.0,1.0,3.0,12.89,0.48
PSDI000BF4,,InChI=1S/C14H10/c1-2-6-12-10-14-8-4-3-7-13(14)9-11(12)5-1/h1-10H,MWPLVEDNUUSJAV-UHFFFAOYSA-N,c1ccc2cc3ccccc3cc2c1,1,1,1,1,1,5,176,178.08,3.99,14.0,0.0,0.0,0.0,3.0,0.0,3.0,0.0,0.46
PSDI000CC9,,InChI=1S/C6H6/c1-2-4-6-5-3-1/h1-6H,UHOVQNZJYSORNB-UHFFFAOYSA-N,c1ccccc1,1,1,1,1,1,2,340,78.05,1.69,6.0,0.0,0.0,0.0,1.0,0.0,1.0,0.0,0.44
PSDI000DC8,,InChI=1S/C20H12/c1-2-7-17-15(4-1)12-16-9-8-13-5-3-6-14-10-11-18(17)20(16)19(13)14/h1-12H,FMMWHPNWAFZXNH-UHFFFAOYSA-N,c1ccc2c(c1)cc1ccc3cccc4ccc2c1c34,1,1,1,1,1,3,1,252.09,5.74,20.0,0.0,0.0,0.0,5.0,0.0,5.0,0.0,0.24
PSDI000DCF,,InChI=1S/C22H12/c1-3-13-7-9-15-11-12-16-10-8-14-4-2-6-18-17(5-1)19(13)21(15)22(16)20(14)18/h1-12H,GYFAGKUZYNFMBN-UHFFFAOYSA-N,c1cc2ccc3ccc4ccc5cccc6c(c1)c2c3c4c56,1,1,1,1,1,3,6,276.09,6.33,22.0,0.0,0.0,0.0,6.0,0.0,6.0,0.0,0.22
PSDI000E75,,"InChI=1S/C7H8O/c8-6-7-4-2-1-3-5-7/h1-5,8H,6H2",WVDDGKGOMKODPV-UHFFFAOYSA-N,OCc1ccccc1,1,1,1,1,1,3,3,108.06,1.18,8.0,1.0,1.0,1.0,1.0,0.0,1.0,20.23,0.57
PSDI000EB1,,InChI=1S/C12H10/c1-3-7-11(8-4-1)12-9-5-2-6-10-12/h1-10H,ZUOUZKKEUPVFJK-UHFFFAOYSA-N,c1ccc(-c2ccccc2)cc1,1,1,1,1,1,3,147,154.08,3.35,12.0,0.0,0.0,1.0,2.0,0.0,2.0,0.0,0.59
PSDI000FBC,,"InChI=1S/C12H9N/c1-3-7-11-9(5-1)10-6-2-4-8-12(10)13-11/h1-8,13H",UJOBWOGCFQCDNV-UHFFFAOYSA-N,c1ccc2c(c1)[nH]c1ccccc12,1,1,1,1,1,5,74,167.07,3.32,13.0,0.0,1.0,0.0,3.0,1.0,3.0,15.79,0.53
PSDI000FC9,,InChI=1S/C3H6O3/c1-5-3(4)6-2/h1-2H3,IEJIGPNLZYLLBP-UHFFFAOYSA-N,COC(=O)OC,1,1,1,1,1,1,6,90.03,0.4,6.0,3.0,0.0,0.0,0.0,0.0,0.0,35.53,0.4
PSDI00102A,,"InChI=1S/C2H5Cl/c1-2-3/h2H2,1H3",HRYZWHHZPQKTII-UHFFFAOYSA-N,CCCl,1,1,1,1,1,2,6,64.01,1.25,3.0,0.0,0.0,0.0,0.0,0.0,0.0,0.0,0.37
PSDI00102C,,InChI=1S/CHCl3/c2-1(3)4/h1H,HEDRZPFGACZZDS-UHFFFAOYSA-N,ClC(Cl)Cl,1,1,1,1,1,3,720,117.91,1.99,4.0,0.0,0.0,0.0,0.0,0.0,0.0,0.0,0.43
PSDI001061,,InChI=1S/C18H12/c1-3-7-15-13(5-1)9-11-18-16-8-4-2-6-14(16)10-12-17(15)18/h1-12H,WDECIBYCCFPHNR-UHFFFAOYSA-N,c1ccc2c(c1)ccc1c3ccccc3ccc21,1,1,1,1,1,2,4,228.09,5.15,18.0,0.0,0.0,0.0,4.0,0.0,4.0,0.0,0.37
PSDI001106,,"InChI=1S/C6H13N/c7-6-4-2-1-3-5-6/h6H,1-5,7H2",PAFZNILMFXTMIY-UHFFFAOYSA-N,NC1CCCCC1,1,1,1,1,1,1,1,99.1,1.28,7.0,1.0,1.0,0.0,1.0,0.0,0.0,26.02,0.49
PSDI001109,,InChI=1S/C6H12/c1-2-4-6-5-3-1/h1-6H2,XDTMQSROBMDMFD-UHFFFAOYSA-N,C1CCCCC1,1,1,1,1,1,3,59,84.09,2.34,6.0,0.0,0.0,0.0,1.0,0.0,0.0,0.0,0.42
PSDI001125,,"InChI=1S/C6H12O/c7-6-4-2-1-3-5-6/h6-7H,1-5H2",HPXRVTGHNJAIIH-UHFFFAOYSA-N,OC1CCCCC1,1,1,1,1,1,3,23,100.09,1.31,7.0,1.0,1.0,0.0,1.0,0.0,0.0,20.23,0.49
PSDI001130,,InChI=1S/C6H10O/c7-6-4-2-1-3-5-6/h1-5H2,JHIVVAPYMSGYDF-UHFFFAOYSA-N,O=C1CCCCC1,2,1,1,1,1,4,6,98.07,1.52,7.0,1.0,0.0,0.0,1.0,0.0,0.0,17.07,0.45
PSDI0011CB,,"InChI=1S/C10H20O2/c1-2-3-4-5-6-7-8-9-10(11)12/h2-9H2,1H3,(H,11,12)",GHVNFZFCNZKVNT-UHFFFAOYSA-N,CCCCCCCCCC(=O)O,2,1,1,1,0,1,193,172.15,3.21,12.0,1.0,1.0,8.0,0.0,0.0,0.0,37.3,0.57
PSDI001218,,"InChI=1S/C6H11N/c1-3-5-7-6-4-2/h3-4,7H,1-2,5-6H2",DYUWTXWIYMHBQS-UHFFFAOYSA-N,C=CCNCC=C,1,1,1,1,0,2,11,97.09,0.95,7.0,1.0,1.0,4.0,0.0,0.0,0.0,12.03,0.41
PSDI00122E,,InChI=1S/C12H8O/c1-3-7-11-9(5-1)10-6-2-4-8-12(10)13-11/h1-8H,TXCDCPKCNAJMEE-UHFFFAOYSA-N,c1ccc2c(c1)oc1ccccc12,1,1,1,1,0,4,126,168.06,3.59,13.0,1.0,0.0,0.0,3.0,1.0,3.0,13.14,0.5
PSDI00123F,,InChI=1S/C12H8S/c1-3-7-11-9(5-1)10-6-2-4-8-12(10)13-11/h1-8H,IYYZUPMFVPLQIF-UHFFFAOYSA-N,c1ccc2c(c1)sc1ccccc12,1,1,1,1,0,3,51,184.03,4.05,13.0,1.0,0.0,0.0,3.0,1.0,3.0,0.0,0.49
PSDI001281,,"InChI=1S/C5H10O3/c1-3-7-5(6)8-4-2/h3-4H2,1-2H3",OIFBSDVPJOWBCH-UHFFFAOYSA-N,CCOC(=O)OCC,1,1,1,1,1,1,4,118.06,1.18,8.0,3.0,0.0,2.0,0.0,0.0,0.0,35.53,0.51
PSDI001284,,"InChI=1S/C4H10O/c1-3-5-4-2/h3-4H2,1-2H3",RTZKZFJDLAIYFH-UHFFFAOYSA-N,CCOCC,1,1,1,1,1,2,177,74.07,1.04,5.0,1.0,0.0,2.0,0.0,0.0,0.0,9.23,0.48
PSDI001293,,"InChI=1S/C4H11N/c1-3-5-4-2/h5H,3-4H2,1-2H3",HPNMFZURTQLUMO-UHFFFAOYSA-N,CCNCC,1,1,1,1,1,3,7,73.09,0.62,5.0,1.0,1.0,2.0,0.0,0.0,0.0,12.03,0.5
PSDI0012CE,,"InChI=1S/C6H15N/c1-5(2)7-6(3)4/h5-7H,1-4H3",UAOMVDZJSHZZME-UHFFFAOYSA-N,CC(C)NC(C)C,1,1,1,1,0,1,24,101.12,1.39,7.0,1.0,1.0,2.0,0.0,0.0,0.0,12.03,0.55
PSDI00136B,,"InChI=1S/C22H44O2/c1-2-3-4-5-6-7-8-9-10-11-12-13-14-15-16-17-18-19-20-21-22(23)24/h2-21H2,1H3,(H,23,24)",UKMSUNONTOPOIO-UHFFFAOYSA-N,CCCCCCCCCCCCCCCCCCCCCC(=O)O,2,1,1,1,0,1,93,340.33,7.89,24.0,1.0,1.0,20.0,0.0,0.0,0.0,37.3,0.23
PSDI001376,,"InChI=1S/C12H24O2/c1-2-3-4-5-6-7-8-9-10-11-12(13)14/h2-11H2,1H3,(H,13,14)",POULHZVOKOAJMA-UHFFFAOYSA-N,CCCCCCCCCCCC(=O)O,2,1,1,1,0,2,337,200.18,3.99,14.0,1.0,1.0,10.0,0.0,0.0,0.0,37.3,0.54
PSDI0013EF,,"InChI=1S/C2H3Br3/c3-1-2(4)5/h2H,1H2",QUMDOMSJJIFTCA-UHFFFAOYSA-N,BrCC(Br)Br,1,1,1,1,0,1,1,263.78,2.5,5.0,0.0,0.0,1.0,0.0,0.0,0.0,0.0,0.64
PSDI0013F1,,InChI=1S/C2H2Br2Cl2/c3-1(5)2(4)6/h1-2H,RJMDFMUPJANPGX-UHFFFAOYSA-N,ClC(Br)C(Cl)Br,1,3,1,1,0,1,1,253.79,2.91,6.0,0.0,0.0,1.0,0.0,0.0,0.0,0.0,0.63
PSDI001446,,"InChI=1S/C4H8O2/c1-3-6-4(2)5/h3H2,1-2H3",XEKOWRVHYACXOJ-UHFFFAOYSA-N,CCOC(C)=O,2,1,1,1,1,2,444,88.05,0.57,6.0,2.0,0.0,1.0,0.0,0.0,0.0,26.3,0.44
PSDI001447,,"InChI=1S/C5H8O2/c1-3-5(6)7-4-2/h3H,1,4H2,2H3",JIGUQPWFLRLWPJ-UHFFFAOYSA-N,C=CC(=O)OCC,1,1,1,1,0,3,3,100.05,0.74,7.0,2.0,0.0,2.0,0.0,0.0,0.0,26.3,0.38
PSDI00144B,,"InChI=1S/C4H7ClO2/c1-2-7-4(6)3-5/h2-3H2,1H3",VEUUMBGHMNQHGO-UHFFFAOYSA-N,CCOC(=O)CCl,2,1,1,1,0,1,10,122.01,0.79,7.0,2.0,0.0,2.0,0.0,0.0,0.0,26.3,0.4
PSDI001453,,"InChI=1S/C3H6O2/c1-2-5-3-4/h3H,2H2,1H3",WBJINCZRORDGAQ-UHFFFAOYSA-N,CCOC=O,1,1,1,1,1,4,4,74.04,0.18,5.0,2.0,0.0,2.0,0.0,0.0,0.0,26.3,0.44
PSDI001457,,"InChI=1S/C6H12O2/c1-4-8-6(7)5(2)3/h5H,4H2,1-3H3",WDAXFOBOLVPGLV-UHFFFAOYSA-N,CCOC(=O)C(C)C,2,1,1,1,0,1,10,116.08,1.21,8.0,2.0,0.0,2.0,0.0,0.0,0.0,26.3,0.51
PSDI001466,,"InChI=1S/C6H10O4/c1-3-9-5(7)6(8)10-4-2/h3-4H2,1-2H3",WYACBZDAHNBPPB-UHFFFAOYSA-N,CCOC(=O)C(=O)OCC,1,1,1,1,0,1,6,146.06,0.11,10.0,4.0,0.0,2.0,0.0,0.0,0.0,52.6,0.41
PSDI001469,,"InChI=1S/C5H10O2/c1-3-5(6)7-4-2/h3-4H2,1-2H3",FKRCODPIKNYEAC-UHFFFAOYSA-N,CCOC(=O)CC,2,1,1,1,1,3,10,102.07,0.96,7.0,2.0,0.0,2.0,0.0,0.0,0.0,26.3,0.49
PSDI00147C,,InChI=1S/C2H4/c1-2/h1-2H2,VGGSQFUCUMXWEO-UHFFFAOYSA-N,C=C,1,1,1,1,1,1,57,28.03,0.8,2.0,0.0,0.0,0.0,0.0,0.0,0.0,0.0,0.34
PSDI00147E,,"InChI=1S/C2H6O2/c3-1-2-4/h3-4H,1-2H2",LYCAIKOWRPUZTN-UHFFFAOYSA-N,OCCO,1,1,1,1,1,1,22,62.04,-1.03,4.0,2.0,2.0,1.0,0.0,0.0,0.0,40.46,0.41
PSDI001480,,"InChI=1S/C6H10O4/c1-5(7)9-3-4-10-6(2)8/h3-4H2,1-2H3",JTXMVXSTHSMVQF-UHFFFAOYSA-N,CC(=O)OCCOC(C)=O,3,1,1,1,0,2,2,146.06,0.11,10.0,4.0,0.0,3.0,0.0,0.0,0.0,52.6,0.42
PSDI001506,,InChI=1S/C16H10/c1-2-8-13-12(7-1)14-9-3-5-11-6-4-10-15(13)16(11)14/h1-10H,GVEPBJHOBDJJJI-UHFFFAOYSA-N,c1ccc2c(c1)-c1cccc3cccc-2c13,1,1,1,1,1,4,321,202.08,4.49,16.0,0.0,0.0,0.0,4.0,0.0,3.0,0.0,0.39
PSDI001544,,"InChI=1S/C6H12O2/c1-2-3-4-5-8-6-7/h6H,2-5H2,1H3",DIQMPQMYFZXDAX-UHFFFAOYSA-N,CCCCCOC=O,1,1,1,1,0,1,10,116.08,1.35,8.0,2.0,0.0,5.0,0.0,0.0,0.0,26.3,0.4
PSDI0015C2,,"InChI=1S/C2HBrClF3/c3-1(4)2(5,6)7/h1H",BCQZXOMGPXTTIC-UHFFFAOYSA-N,FC(F)(F)C(Cl)Br,1,2,1,1,1,3,7,195.89,2.51,7.0,0.0,0.0,0.0,0.0,0.0,0.0,0.0,0.52
PSDI0015E1,,"InChI=1S/C17H34O2/c1-2-3-4-5-6-7-8-9-10-11-12-13-14-15-16-17(18)19/h2-16H2,1H3,(H,18,19)",KEMQGTRYUADPNZ-UHFFFAOYSA-N,CCCCCCCCCCCCCCCCC(=O)O,2,1,1,1,0,1,97,270.26,5.94,19.0,1.0,1.0,15.0,0.0,0.0,0.0,37.3,0.37
PSDI001603,,InChI=1S/C6Cl6/c7-1-2(8)4(10)6(12)5(11)3(1)9,CKAPSXZOOQJIBF-UHFFFAOYSA-N,Clc1c(Cl)c(Cl)c(Cl)c(Cl)c1Cl,1,1,1,1,1,2,1,281.81,5.61,12.0,0.0,0.0,0.0,1.0,0.0,1.0,0.0,0.43
PSDI001606,,"InChI=1S/C2Cl6/c3-1(4,5)2(6,7)8",VHHHONWQHHHLTI-UHFFFAOYSA-N,ClC(Cl)(Cl)C(Cl)(Cl)Cl,1,1,1,0,1,4,6,233.81,3.73,8.0,0.0,0.0,0.0,0.0,0.0,0.0,0.0,0.56
PSDI0016B2,,"InChI=1S/C8H7N/c1-2-4-8-7(3-1)5-6-9-8/h1-6,9H",SIKJAQJRHWYJAI-UHFFFAOYSA-N,c1ccc2[nH]ccc2c1,1,1,1,1,0,3,11,117.06,2.17,9.0,0.0,1.0,0.0,2.0,1.0,2.0,15.79,0.54
PSDI0016CB,,"InChI=1S/C2H5I/c1-2-3/h2H2,1H3",HVTICUPFWKNHNG-UHFFFAOYSA-N,CCI,1,1,1,1,1,2,7,155.94,1.44,3.0,0.0,0.0,0.0,0.0,0.0,0.0,0.0,0.37
PSDI0016DE,,"InChI=1S/C6H12O2/c1-5(2)4-8-6(3)7/h5H,4H2,1-3H3",GJRQTCIYDGXPES-UHFFFAOYSA-N,CC(=O)OCC(C)C,2,1,1,1,1,4,13,116.08,1.21,8.0,2.0,0.0,2.0,0.0,0.0,0.0,26.3,0.51
PSDI0016E0,,"InChI=1S/C6H12O2/c1-6(2)3-4-8-5-7/h5-6H,3-4H2,1-2H3",XKYICAQFSCFURC-UHFFFAOYSA-N,CC(C)CCOC=O,1,1,1,1,0,3,7,116.08,1.21,8.0,2.0,0.0,4.0,0.0,0.0,0.0,26.3,0.41
PSDI0016E4,,"InChI=1S/C4H10O/c1-4(2)3-5/h4-5H,3H2,1-2H3",ZXEKIIBDNHEJCQ-UHFFFAOYSA-N,CC(C)CO,1,1,1,1,1,3,27,74.07,0.63,5.0,1.0,1.0,1.0,0.0,0.0,0.0,20.23,0.48
PSDI0016E7,,"InChI=1S/C5H10O2/c1-5(2)3-7-4-6/h4-5H,3H2,1-2H3",AVMSWPWPYJVYKY-UHFFFAOYSA-N,CC(C)COC=O,1,1,1,1,0,3,7,102.07,0.82,7.0,2.0,0.0,3.0,0.0,0.0,0.0,26.3,0.49
PSDI001706,,"InChI=1S/C5H12O/c1-5(2)3-4-6/h5-6H,3-4H2,1-2H3",PHTQWCKDNZKARW-UHFFFAOYSA-N,CC(C)CCO,1,1,1,1,1,3,7,88.09,1.02,6.0,1.0,1.0,2.0,0.0,0.0,0.0,20.23,0.53
PSDI00170F,,"InChI=1S/C3H8O/c1-3(2)4/h3-4H,1-2H3",KFZMGEQAYNKOFK-UHFFFAOYSA-N,CC(C)O,1,1,1,1,1,3,312,60.06,0.39,4.0,1.0,1.0,0.0,0.0,0.0,0.0,20.23,0.43
PSDI001712,,"InChI=1S/C5H10O2/c1-4(2)7-5(3)6/h4H,1-3H3",JMMWKPVZQRWMSS-UHFFFAOYSA-N,CC(=O)OC(C)C,2,1,1,1,1,3,10,102.07,0.96,7.0,2.0,0.0,1.0,0.0,0.0,0.0,26.3,0.46
PSDI0017D3,,"InChI=1S/C7H6O3/c8-6-3-1-2-5(4-6)7(9)10/h1-4,8H,(H,9,10)",IJFXRHURBJZNAO-UHFFFAOYSA-N,O=C(O)c1cccc(O)c1,2,1,1,0,0,2,8,138.03,1.09,10.0,2.0,2.0,1.0,1.0,0.0,1.0,57.53,0.61
PSDI0017EA,,InChI=1S/C18H14/c1-3-8-15(9-4-1)17-12-7-13-18(14-17)16-10-5-2-6-11-16/h1-14H,YJTKZCDBKVTVBY-UHFFFAOYSA-N,c1ccc(-c2cccc(-c3ccccc3)c2)cc1,1,1,1,1,0,1,15,230.11,5.02,18.0,0.0,0.0,2.0,3.0,0.0,3.0,0.0,0.58
PSDI0017F0,,"InChI=1S/C8H10/c1-7-4-3-5-8(2)6-7/h3-6H,1-2H3",IVSZLXZYQVIEFR-UHFFFAOYSA-N,Cc1cccc(C)c1,1,1,1,1,1,2,15,106.08,2.3,8.0,0.0,0.0,0.0,1.0,0.0,1.0,0.0,0.48
PSDI001841,,"InChI=1S/C6H10O/c1-5(2)4-6(3)7/h4H,1-3H3",SHOJXDKTYKFBRD-UHFFFAOYSA-N,CC(=O)C=C(C)C,5,1,1,1,0,2,1,98.07,1.54,7.0,1.0,0.0,1.0,0.0,0.0,0.0,17.07,0.45
PSDI001860,,InChI=1S/CH4/h1H4,VNWKTOKETHGBQD-UHFFFAOYSA-N,C,1,1,1,1,1,1,37,16.03,0.64,1.0,0.0,0.0,0.0,0.0,0.0,0.0,0.0,0.36
PSDI00189C,,InChI=1S/C3H6O2/c1-3(4)5-2/h1-2H3,KXKVLQRXCPHEJC-UHFFFAOYSA-N,COC(C)=O,2,1,1,1,1,3,13,74.04,0.18,5.0,2.0,0.0,0.0,0.0,0.0,0.0,26.3,0.38
PSDI00189E,,"InChI=1S/C4H6O2/c1-3-4(5)6-2/h3H,1H2,2H3",BAPJBEWLBFYGME-UHFFFAOYSA-N,C=CC(=O)OC,1,1,1,1,0,3,3,86.04,0.35,6.0,2.0,0.0,1.0,0.0,0.0,0.0,26.3,0.34
PSDI0018A3,,"InChI=1S/C3H5ClO2/c1-6-3(5)2-4/h2H2,1H3",QABLOFMHHSOFRJ-UHFFFAOYSA-N,COC(=O)CCl,2,1,1,1,0,1,10,108.0,0.4,6.0,2.0,0.0,1.0,0.0,0.0,0.0,26.3,0.36
PSDI0018B7,,"InChI=1S/C5H8O2/c1-4(2)5(6)7-3/h1H2,2-3H3",VVQNEPGJFQJSBK-UHFFFAOYSA-N,C=C(C)C(=O)OC,1,1,1,1,1,2,10,100.05,0.74,7.0,2.0,0.0,1.0,0.0,0.0,0.0,26.3,0.36
PSDI0018BD,,InChI=1S/C4H6O4/c1-7-3(5)4(6)8-2/h1-2H3,LOMVENUNSWAXEN-UHFFFAOYSA-N,COC(=O)C(=O)OC,1,1,1,1,0,1,9,118.03,-0.67,8.0,4.0,0.0,0.0,0.0,0.0,0.0,52.6,0.31
PSDI001973,,"InChI=1S/C4H10/c1-3-4-2/h3-4H2,1-2H3",IJDNQMDRQITEOD-UHFFFAOYSA-N,CCCC,1,1,1,1,1,4,17,58.08,1.81,4.0,0.0,0.0,1.0,0.0,0.0,0.0,0.0,0.43
PSDI001975,,"InChI=1S/C6H12O2/c1-3-4-5-8-6(2)7/h3-5H2,1-2H3",DKPFZGUDAPQIHT-UHFFFAOYSA-N,CCCCOC(C)=O,2,1,1,1,1,4,30,116.08,1.35,8.0,2.0,0.0,3.0,0.0,0.0,0.0,26.3,0.41
PSDI00198F,,"InChI=1S/C7H16/c1-3-5-7-6-4-2/h3-7H2,1-2H3",IMNFDUFMRHMDMM-UHFFFAOYSA-N,CCCCCCC,1,1,1,1,1,4,2,100.13,2.98,7.0,0.0,0.0,4.0,0.0,0.0,0.0,0.0,0.48
PSDI001993,,"InChI=1S/C6H14/c1-3-5-6-4-2/h3-6H2,1-2H3",VLKZOEOYAKHREP-UHFFFAOYSA-N,CCCCCC,1,1,1,1,1,4,322,86.11,2.59,6.0,0.0,0.0,3.0,0.0,0.0,0.0,0.0,0.46
PSDI001995,,"InChI=1S/C6H15N/c1-2-3-4-5-6-7/h2-7H2,1H3",BMVXCPBXGZKUPN-UHFFFAOYSA-N,CCCCCCN,1,1,1,1,1,3,7,101.12,1.53,7.0,1.0,1.0,4.0,0.0,0.0,0.0,26.02,0.53
PSDI0019B8,,"InChI=1S/C5H12/c1-3-5-4-2/h3-5H2,1-2H3",OFBQJSOFQDEBGM-UHFFFAOYSA-N,CCCCC,1,1,1,1,1,5,2,72.09,2.2,5.0,0.0,0.0,2.0,0.0,0.0,0.0,0.0,0.47
PSDI0019C3,,"InChI=1S/C5H10O2/c1-3-4-7-5(2)6/h3-4H2,1-2H3",YKYONYBAUNKHLG-UHFFFAOYSA-N,CCCOC(C)=O,2,1,1,1,1,3,10,102.07,0.96,7.0,2.0,0.0,2.0,0.0,0.0,0.0,26.3,0.49
PSDI0019DD,,InChI=1S/C10H8/c1-2-6-10-8-4-3-7-9(10)5-1/h1-8H,UFWIBTONFRDIAS-UHFFFAOYSA-N,c1ccc2ccccc2c1,1,1,1,1,1,5,240,128.06,2.84,10.0,0.0,0.0,0.0,2.0,0.0,2.0,0.0,0.51
PSDI001AAE,,InChI=1S/C18H14/c1-3-9-15(10-4-1)17-13-7-8-14-18(17)16-11-5-2-6-12-16/h1-14H,OIAQMFOKAXHPNH-UHFFFAOYSA-N,c1ccc(-c2ccccc2-c2ccccc2)cc1,1,1,1,1,0,1,13,230.11,5.02,18.0,0.0,0.0,2.0,3.0,0.0,3.0,0.0,0.58
PSDI001ADD,,"InChI=1S/C8H18/c1-3-5-7-8-6-4-2/h3-8H2,1-2H3",TVMXDCGIABBOFY-UHFFFAOYSA-N,CCCCCCCC,1,1,1,1,1,3,1,114.14,3.37,8.0,0.0,0.0,5.0,0.0,0.0,0.0,0.0,0.48
PSDI001AE6,,"InChI=1S/C8H16O2/c1-2-3-4-5-6-7-8(9)10/h2-7H2,1H3,(H,9,10)",WWZKQHOCKIZLMA-UHFFFAOYSA-N,CCCCCCCC(=O)O,2,1,1,1,0,3,61,144.12,2.43,10.0,1.0,1.0,6.0,0.0,0.0,0.0,37.3,0.58
PSDI001B84,,"InChI=1S/C11H14O3/c1-2-3-8-14-11(13)9-4-6-10(12)7-5-9/h4-7,12H,2-3,8H2,1H3",QFOHBWFCKVYLES-UHFFFAOYSA-N,CCCCOC(=O)c1ccc(O)cc1,4,1,1,0,0,3,4,194.09,2.35,14.0,3.0,1.0,4.0,1.0,0.0,1.0,46.53,0.59
PSDI001BC1,,"InChI=1S/C8H10/c1-7-3-5-8(2)6-4-7/h3-6H,1-2H3",URLKBWYHVLBVBO-UHFFFAOYSA-N,Cc1ccc(C)cc1,1,1,1,1,1,3,51,106.08,2.3,8.0,0.0,0.0,0.0,1.0,0.0,1.0,0.0,0.48
PSDI001BC5,,"InChI=1S/C16H32O2/c1-2-3-4-5-6-7-8-9-10-11-12-13-14-15-16(17)18/h2-15H2,1H3,(H,17,18)",IPCSVZSSVZVIGE-UHFFFAOYSA-N,CCCCCCCCCCCCCCCC(=O)O,2,1,1,1,0,1,17,256.24,5.55,18.0,1.0,1.0,14.0,0.0,0.0,0.0,37.3,0.41
PSDI001BEC,,InChI=1S/C6HCl5/c7-2-1-3(8)5(10)6(11)4(2)9/h1H,CEOCDNVZRAIOQZ-UHFFFAOYSA-N,Clc1cc(Cl)c(Cl)c(Cl)c1Cl,1,1,1,1,1,5,1,247.85,4.95,11.0,0.0,0.0,0.0,1.0,0.0,1.0,0.0,0.45
PSDI001BEE,,"InChI=1S/C2HCl5/c3-1(4)2(5,6)7/h1H",BNIXVQGCZULYKV-UHFFFAOYSA-N,ClC(Cl)C(Cl)(Cl)Cl,1,1,1,1,1,3,2,199.85,3.16,7.0,0.0,0.0,0.0,0.0,0.0,0.0,0.0,0.53
PSDI001BF1,,InChI=1S/C6HCl5O/c7-1-2(8)4(10)6(12)5(11)3(1)9/h12H,IZUPBVBPLAPZRR-UHFFFAOYSA-N,Oc1c(Cl)c(Cl)c(Cl)c(Cl)c1Cl,2,1,1,1,1,2,5,263.85,4.66,12.0,1.0,1.0,0.0,1.0,0.0,1.0,20.23,0.53
PSDI001C39,,"InChI=1S/C3Cl6/c4-1(2(5)6)3(7,8)9",VFDYKPARTDCDCU-UHFFFAOYSA-N,ClC(Cl)=C(Cl)C(Cl)(Cl)Cl,1,1,1,1,0,1,5,245.81,4.24,9.0,0.0,0.0,0.0,0.0,0.0,0.0,0.0,0.56
PSDI001C62,,InChI=1S/C14H10/c1-3-7-13-11(5-1)9-10-12-6-2-4-8-14(12)13/h1-10H,YNPNZTXNASCQKK-UHFFFAOYSA-N,c1ccc2c(c1)ccc1ccccc12,1,1,1,1,1,4,43,178.08,3.99,14.0,0.0,0.0,0.0,3.0,0.0,3.0,0.0,0.46
PSDI001D9F,,"InChI=1S/C3H8/c1-3-2/h3H2,1-2H3",ATUOYWHBWRKTHZ-UHFFFAOYSA-N,CCC,1,1,1,1,1,4,33,44.06,1.42,3.0,0.0,0.0,0.0,0.0,0.0,0.0,0.0,0.39
PSDI001DF4,,"InChI=1S/C4H8O2/c1-2-3-6-4-5/h4H,2-3H2,1H3",KFNNIILCVOLYIR-UHFFFAOYSA-N,CCCOC=O,1,1,1,1,1,4,8,88.05,0.57,6.0,2.0,0.0,3.0,0.0,0.0,0.0,26.3,0.37
PSDI001DFC,,"InChI=1S/C4H6O3/c1-3-2-6-4(5)7-3/h3H,2H2,1H3",RUOJZAUFBMNUDX-UHFFFAOYSA-N,CC1COC(=O)O1,1,2,1,1,0,2,7,102.03,0.54,7.0,3.0,0.0,0.0,1.0,0.0,0.0,35.53,0.42
PSDI001EE5,,"InChI=1S/C7H6O3/c8-6-4-2-1-3-5(6)7(9)10/h1-4,8H,(H,9,10)",YGSDEFSMJLZEOE-UHFFFAOYSA-N,O=C(O)c1ccccc1O,4,1,2,1,0,5,1,138.03,1.09,10.0,2.0,2.0,1.0,1.0,0.0,1.0,57.53,0.61
PSDI001EFC,,"InChI=1S/C6H15N/c1-4-6(3)7-5-2/h6-7H,4-5H2,1-3H3",KFYKZKISJBGVMR-UHFFFAOYSA-N,CCNC(C)CC,1,2,1,1,0,1,3,101.12,1.39,7.0,1.0,1.0,3.0,0.0,0.0,0.0,12.03,0.57
PSDI001F7F,,"InChI=1S/C6H8N2O2S/c7-5-1-3-6(4-2-5)11(8,9)10/h1-4H,7H2,(H2,8,9,10)",FDDDEECHVMSUSB-UHFFFAOYSA-N,Nc1ccc(S(N)(=O)=O)cc1,1,1,1,0,0,4,1,172.03,-0.08,11.0,3.0,2.0,1.0,1.0,0.0,1.0,86.18,0.58
PSDI001FB2,,"InChI=1S/C4H10O/c1-4(2,3)5/h5H,1-3H3",DKGAVHZHDRPRBM-UHFFFAOYSA-N,CC(C)(C)O,1,1,1,1,1,1,6,74.07,0.78,5.0,1.0,1.0,0.0,0.0,0.0,0.0,20.23,0.45
PSDI001FF9,,InChI=1S/C18H12/c1-2-6-14-10-18-12-16-8-4-3-7-15(16)11-17(18)9-13(14)5-1/h1-12H,IFLREYGFSNHWGE-UHFFFAOYSA-N,c1ccc2cc3cc4ccccc4cc3cc2c1,1,1,1,0,0,5,1,228.09,5.15,18.0,0.0,0.0,0.0,4.0,0.0,4.0,0.0,0.37
PSDI001FFB,,InChI=1S/C2Cl4/c3-1(4)2(5)6,CYTYCFOTNPOANT-UHFFFAOYSA-N,ClC(Cl)=C(Cl)Cl,1,1,1,1,1,4,15,163.88,3.07,6.0,0.0,0.0,0.0,0.0,0.0,0.0,0.0,0.52
PSDI00200F,,"InChI=1S/C14H28O2/c1-2-3-4-5-6-7-8-9-10-11-12-13-14(15)16/h2-13H2,1H3,(H,15,16)",TUNFSRHWOTWDNC-UHFFFAOYSA-N,CCCCCCCCCCCCCC(=O)O,2,1,1,1,0,1,250,228.21,4.77,16.0,1.0,1.0,12.0,0.0,0.0,0.0,37.3,0.49
PSDI002022,,InChI=1S/C4H8O/c1-2-4-5-3-1/h1-4H2,WYURNTSHIVDZCO-UHFFFAOYSA-N,C1CCOC1,1,1,1,1,1,5,194,72.06,0.8,5.0,1.0,0.0,0.0,1.0,0.0,0.0,9.23,0.41
PSDI002026,,InChI=1S/C4H8O2S/c5-7(6)3-1-2-4-7/h1-4H2,HXJUTPCZVOIRIF-UHFFFAOYSA-N,O=S1(=O)CCCC1,1,1,1,1,0,1,68,120.02,0.2,7.0,2.0,0.0,0.0,1.0,0.0,0.0,34.14,0.46
PSDI002102,,InChI=1S/C2HCl3/c3-1-2(4)5/h1H,XSTXAVWGXDQKEL-UHFFFAOYSA-N,ClC=C(Cl)Cl,1,1,1,1,1,4,13,129.91,2.5,5.0,0.0,0.0,0.0,0.0,0.0,0.0,0.0,0.47
PSDI002122,,"InChI=1S/C6H15N/c1-4-7(5-2)6-3/h4-6H2,1-3H3",ZMANZCXQSJIPKH-UHFFFAOYSA-N,CCN(CC)CC,1,1,1,1,1,1,16,101.12,1.35,7.0,1.0,0.0,3.0,0.0,0.0,0.0,3.24,0.52
PSDI002194,,"InChI=1S/C11H22O2/c1-2-3-4-5-6-7-8-9-10-11(12)13/h2-10H2,1H3,(H,12,13)",ZDPHROOEEOARMN-UHFFFAOYSA-N,CCCCCCCCCCC(=O)O,2,1,1,1,0,1,32,186.16,3.6,13.0,1.0,1.0,9.0,0.0,0.0,0.0,37.3,0.56
PSDI0021CD,,"InChI=1S/C4H6O2/c1-3-6-4(2)5/h3H,1H2,2H3",XTXRWKRVRITETP-UHFFFAOYSA-N,C=COC(C)=O,2,1,1,1,1,1,2,86.04,0.69,6.0,2.0,0.0,1.0,0.0,0.0,0.0,26.3,0.35
PSDI002223,,InChI=1S/C2H2Br4/c3-1(4)2(5)6/h1-2H,QXSZNDIIPUOQMB-UHFFFAOYSA-N,BrC(Br)C(Br)Br,1,1,0,1,1,1,21,341.69,3.22,6.0,0.0,0.0,1.0,0.0,0.0,0.0,0.0,0.64
PSDI002323,,"InChI=1S/C5H10O/c1-3-5(6)4-2/h3,5-6H,1,4H2,2H3",VHVMXWZXFBOANQ-UHFFFAOYSA-N,C=CC(O)CC,1,2,0,1,0,1,3,86.07,0.94,6.0,1.0,1.0,2.0,0.0,0.0,0.0,20.23,0.5
PSDI002477,,"InChI=1S/C6H12O/c1-4-6(7)5(2)3/h5H,4H2,1-3H3",HYTRYEXINDDXJK-UHFFFAOYSA-N,CCC(=O)C(C)C,3,1,0,1,1,1,3,100.09,1.62,7.0,1.0,0.0,2.0,0.0,0.0,0.0,17.07,0.52
PSDI002484,,"InChI=1S/C7H12O/c1-6-4-2-3-5-7(6)8/h6H,2-5H2,1H3",LFSAPCRASZRSKS-UHFFFAOYSA-N,CC1CCCCC1=O,3,2,0,1,0,1,6,112.09,1.77,8.0,1.0,0.0,0.0,1.0,0.0,0.0,17.07,0.47
PSDI002534,,"InChI=1S/C5H12O/c1-4(2)5(3)6/h4-6H,1-3H3",MXLMTQWGSQIYOW-UHFFFAOYSA-N,CC(C)C(C)O,1,2,0,1,1,3,3,88.09,1.02,6.0,1.0,1.0,1.0,0.0,0.0,0.0,20.23,0.51
PSDI002542,,"InChI=1S/C6H12O/c1-4-5(2)6(3)7/h5H,4H2,1-3H3",UIHCLUNTQKBZGK-UHFFFAOYSA-N,CCC(C)C(C)=O,3,2,0,1,1,2,3,100.09,1.62,7.0,1.0,0.0,2.0,0.0,0.0,0.0,17.07,0.52
PSDI0025AA,,"InChI=1S/C5H10O/c1-2-3-4-5-6/h2,6H,1,3-5H2",LQAVWYMTUMSFBE-UHFFFAOYSA-N,C=CCCCO,1,1,0,1,0,3,3,86.07,0.94,6.0,1.0,1.0,3.0,0.0,0.0,0.0,20.23,0.4
PSDI002921,,"InChI=1S/C6H13N/c1-2-4-6-7-5-3-1/h7H,1-6H2",ZSIQJIWKELUFRJ-UHFFFAOYSA-N,C1CCCNCC1,1,1,0,1,0,1,15,99.1,1.15,7.0,1.0,1.0,0.0,1.0,0.0,0.0,12.03,0.48
PSDI0029BA,,"InChI=1S/C6H12O2/c1-3-4-5-6(7)8-2/h3-5H2,1-2H3",HNBDRPTVWVGKBR-UHFFFAOYSA-N,CCCCC(=O)OC,2,1,0,1,1,2,7,116.08,1.35,8.0,2.0,0.0,3.0,0.0,0.0,0.0,26.3,0.52
PSDI002B9F,,"InChI=1S/C6H12O2/c1-5(7)8-6(2,3)4/h1-4H3",WMOVHXAZOJBABW-UHFFFAOYSA-N,CC(=O)OC(C)(C)C,2,1,0,1,0,1,9,116.08,1.35,8.0,2.0,0.0,0.0,0.0,0.0,0.0,26.3,0.45
PSDI002C78,,"InChI=1S/CH4O/c1-2/h2H,1H3",OKKJLVBELUTLKV-UHFFFAOYSA-N,CO,1,1,0,0,1,1,432,32.03,-0.39,2.0,1.0,1.0,0.0,0.0,0.0,0.0,20.23,0.39
PSDI002C79,,"InChI=1S/C2H6O/c1-2-3/h3H,2H2,1H3",LFQSCWFLJHTTHZ-UHFFFAOYSA-N,CCO,1,1,0,0,1,4,257,46.04,-0.0,3.0,1.0,1.0,0.0,0.0,0.0,0.0,20.23,0.41
PSDI002C7A,,"InChI=1S/C5H10O2/c1-3-4-5(6)7-2/h3-4H2,1-2H3",UUIQMZJEGPQKFD-UHFFFAOYSA-N,CCCC(=O)OC,2,1,0,0,1,3,10,102.07,0.96,7.0,2.0,0.0,2.0,0.0,0.0,0.0,26.3,0.49
PSDI002C7C,,"InChI=1S/C6H12O2/c1-4-5(2)8-6(3)7/h5H,4H2,1-3H3",DCKVNWZUADLDEH-UHFFFAOYSA-N,CCC(C)OC(C)=O,2,2,0,0,0,1,11,116.08,1.35,8.0,2.0,0.0,2.0,0.0,0.0,0.0,26.3,0.51
PSDI002C7D,,"InChI=1S/C6H12O2/c1-3-5-6(7)8-4-2/h3-5H2,1-2H3",OBNCKNCVKJNDBV-UHFFFAOYSA-N,CCCC(=O)OCC,2,1,0,0,1,4,11,116.08,1.35,8.0,2.0,0.0,3.0,0.0,0.0,0.0,26.3,0.52
PSDI002C7E,,"InChI=1S/C6H12O2/c1-3-5-8-6(7)4-2/h3-5H2,1-2H3",MCSINKKTEDDPNK-UHFFFAOYSA-N,CCCOC(=O)CC,2,1,0,0,0,3,7,116.08,1.35,8.0,2.0,0.0,3.0,0.0,0.0,0.0,26.3,0.52
PSDI002C7F,,"InChI=1S/C6H12O3/c1-3-8-4-5-9-6(2)7/h3-5H2,1-2H3",SVONRAPFKPVNKG-UHFFFAOYSA-N,CCOCCOC(C)=O,2,1,0,0,1,1,1,132.08,0.59,9.0,3.0,0.0,4.0,0.0,0.0,0.0,35.53,0.41
PSDI002C81,,"InChI=1S/C8H12N2O3S/c1-8(2)4(7(12)13)10-5(11)3(9)6(10)14-8/h3-4,6H,9H2,1-2H3,(H,12,13)",NGHVIOIJCVXTGV-UHFFFAOYSA-N,CC1(C)SC2C(N)C(=O)N2C1C(=O)O,8,8,0,0,0,1,6,216.06,-0.54,14.0,4.0,2.0,1.0,2.0,0.0,0.0,83.63,0.58
PSDI002C8B,,"InChI=1S/C7H14O/c1-3-5-7(8)6-4-2/h3-6H2,1-2H3",HCFAJYNVAYBARA-UHFFFAOYSA-N,CCCC(=O)CCC,2,1,0,0,0,5,5,114.1,2.16,8.0,1.0,0.0,4.0,0.0,0.0,0.0,17.07,0.55
PSDI002C8C,,"InChI=1S/C8H8O3/c1-11-8(10)6-2-4-7(9)5-3-6/h2-5,9H,1H3",LXCFILQKKLGQFO-UHFFFAOYSA-N,COC(=O)c1ccc(O)cc1,4,1,0,0,0,4,4,152.05,1.18,11.0,3.0,1.0,1.0,1.0,0.0,1.0,46.53,0.61
PSDI002C8D,,"InChI=1S/C9H10O3/c1-2-12-9(11)7-3-5-8(10)6-4-7/h3-6,10H,2H2,1H3",NUVBSKCKDOMJSU-UHFFFAOYSA-N,CCOC(=O)c1ccc(O)cc1,4,1,0,0,0,4,4,166.06,1.57,12.0,3.0,1.0,2.0,1.0,0.0,1.0,46.53,0.68
PSDI002C8E,,"InChI=1S/C10H12O3/c1-2-7-13-10(12)8-3-5-9(11)6-4-8/h3-6,11H,2,7H2,1H3",QELSKZZBTMNZEB-UHFFFAOYSA-N,CCCOC(=O)c1ccc(O)cc1,4,1,0,0,0,2,4,180.08,1.96,13.0,3.0,1.0,3.0,1.0,0.0,1.0,46.53,0.72
PSDI002C94,,"InChI=1S/C5H13N/c1-3-5-6-4-2/h6H,3-5H2,1-2H3/p+1",XCVNDBIXFPGMIW-UHFFFAOYSA-O,CCC[NH2+]CC,1,1,0,0,0,1,6,88.11,-0.02,6.0,0.0,1.0,3.0,0.0,0.0,0.0,16.61,0.47
PSDI002C95,,"InChI=1S/C5H13N/c1-4-6(3)5-2/h4-5H2,1-3H3/p+1",GNVRJGIVDSQCOP-UHFFFAOYSA-O,CC[NH+](C)CC,1,1,0,0,0,1,7,88.11,-0.46,6.0,0.0,1.0,2.0,0.0,0.0,0.0,4.44,0.47
PSDI002C9A,,"InChI=1S/C6H15N/c1-4-5-6-7(2)3/h4-6H2,1-3H3/p+1",DJEQZVQFEPKLOY-UHFFFAOYSA-O,CCCC[NH+](C)C,1,1,0,0,0,1,11,102.13,-0.07,7.0,0.0,1.0,3.0,0.0,0.0,0.0,4.44,0.51
PSDI002C9E,,"InChI=1S/C2Cl4F2/c3-1(4,7)2(5,6)8",UGCSPKPEHQEOSR-UHFFFAOYSA-N,FC(Cl)(Cl)C(F)(Cl)Cl,1,1,0,0,0,3,1,201.87,3.19,8.0,0.0,0.0,1.0,0.0,0.0,0.0,0.0,0.57
PSDI002C9F,,InChI=1S/C2H2I2/c3-1-2-4/h1-2H,CVOGMKGEVNGRSK-UHFFFAOYSA-N,IC=CI,1,2,0,0,0,2,1,279.82,2.33,4.0,0.0,0.0,0.0,0.0,0.0,0.0,0.0,0.6
PSDI002CA0,,"InChI=1S/C2H3Br2Cl/c3-1-2(4)5/h2H,1H2",DVTKTUMRXCKEEG-UHFFFAOYSA-N,ClC(Br)CBr,1,2,0,0,0,1,1,219.83,2.34,5.0,0.0,0.0,1.0,0.0,0.0,0.0,0.0,0.6
PSDI002CA1,,"InChI=1S/C2H3Cl2F/c1-2(3,4)5/h1H3",FRCHKSNAZZFGCA-UHFFFAOYSA-N,CC(F)(Cl)Cl,1,1,0,0,1,1,1,115.96,2.11,5.0,0.0,0.0,0.0,0.0,0.0,0.0,0.0,0.43
PSDI002CA2,,"InChI=1S/C2H5Br/c1-2-3/h2H2,1H3",RDHPKYGYEGBMSE-UHFFFAOYSA-N,CCBr,1,1,0,0,1,2,7,107.96,1.4,3.0,0.0,0.0,0.0,0.0,0.0,0.0,0.0,0.41
PSDI002CA5,,"InChI=1S/C3H4Cl2/c1-3(5)2-4/h2H,1H3",PPKPKFIWDXDAGC-UHFFFAOYSA-N,CC(Cl)=CCl,1,2,0,0,0,1,1,109.97,2.33,5.0,0.0,0.0,0.0,0.0,0.0,0.0,0.0,0.45
PSDI002CA6,,"InChI=1S/C3H4Cl2/c4-2-1-3-5/h1-2H,3H2",UOORRWUZONOOLO-UHFFFAOYSA-N,ClC=CCCl,1,2,0,0,1,4,5,109.97,1.98,5.0,0.0,0.0,1.0,0.0,0.0,0.0,0.0,0.45
